{
  "last_balance": 0.000636527517251565,
  "last_check_timestamp": 1776030753.12415
}