{
  "last_balance": 0.001771825454807841,
  "last_check_timestamp": 1775135391.5009594
}