{
  "last_balance": 0.00165649549184253,
  "last_check_timestamp": 1775145925.9750488
}